"Reference","Value","Footprint","Datasheet","LCSC","MPN","Qty"
"BT1","Battery_Cell","Battery:BatteryHolder_Keystone_1060_1x2032","~","C70377","CR2032-BS-6-1","1"
"D1-D25","LED","Library:LED_0805_2012Metric","~","C965815","XL-2012UGC","25"
"J1, J3","USB_C_Receptacle","Connectors:USB_C_Receptacle_Kinghelm_KH-TYPE-C-JB0.8-24P","https://www.usb.org/sites/default/files/documents/usb_type-c.zip","C2919640","KH-TYPE-C-JB0.8-24P","2"
"R1-R25","100","Resistor_SMD:R_0805_2012Metric","~","C2907294","FRC0805J101 TS","25"
